{
    "top > door2": 115.55241344721244,
    "bottom > door2": 136.03616678013455
}